{
    "thresholds": {
        "balanced_accuracy": 0.8
    },
    "tests": {
        "Performance_Current": {
            "Balanced Accuracy": {
                "balanced_accuracy": 0.5022800000000001,
                "threshold": 0.8,
                "drift": true
            }
        },
        "Kolmogorov-Smirnov": {
            "salary": {
                "statistic": 0.05702000000000007,
                "p_value": 9.585673803718627e-142,
                "alpha": 0.05,
                "drift": true
            },
            "commission": {
                "statistic": 0.028750000000000053,
                "p_value": 2.449704192511503e-36,
                "alpha": 0.05,
                "drift": true
            },
            "age": {
                "statistic": 0.07864000000000004,
                "p_value": 2.1406344297182444e-269,
                "alpha": 0.05,
                "drift": true
            },
            "elevel": {
                "statistic": 0.0013700000000000379,
                "p_value": 0.9999830155388415,
                "alpha": 0.05,
                "drift": false
            },
            "car": {
                "statistic": 0.004149999999999987,
                "p_value": 0.35432559490712945,
                "alpha": 0.05,
                "drift": false
            },
            "zipcode": {
                "statistic": 0.00277000000000005,
                "p_value": 0.8365539256187751,
                "alpha": 0.05,
                "drift": false
            },
            "hvalue": {
                "statistic": 0.003280000000000005,
                "p_value": 0.6538462508075868,
                "alpha": 0.05,
                "drift": false
            },
            "hyears": {
                "statistic": 0.005560000000000009,
                "p_value": 0.09053490799230146,
                "alpha": 0.05,
                "drift": false
            },
            "loan": {
                "statistic": 0.002589999999999981,
                "p_value": 0.8897445516743813,
                "alpha": 0.05,
                "drift": false
            }
        },
        "PSI": {
            "salary": {
                "psi": 0.0234223788093617,
                "threshold": 0.1,
                "num_bins": 10,
                "drift": false
            },
            "commission": {
                "psi": 0.0034914851338585006,
                "threshold": 0.1,
                "num_bins": 10,
                "drift": false
            },
            "age": {
                "psi": 0.1003101840964071,
                "threshold": 0.1,
                "num_bins": 10,
                "drift": true
            },
            "elevel": {
                "psi": 2.15095182381458e-05,
                "threshold": 0.1,
                "num_bins": 10,
                "drift": false
            },
            "car": {
                "psi": 0.0002472457942111908,
                "threshold": 0.1,
                "num_bins": 10,
                "drift": false
            },
            "zipcode": {
                "psi": 0.000390395002875121,
                "threshold": 0.1,
                "num_bins": 10,
                "drift": false
            },
            "hvalue": {
                "psi": 0.00026554001984685656,
                "threshold": 0.1,
                "num_bins": 10,
                "drift": false
            },
            "hyears": {
                "psi": 0.00016688989998367502,
                "threshold": 0.1,
                "num_bins": 10,
                "drift": false
            },
            "loan": {
                "psi": 0.0002057637428557665,
                "threshold": 0.1,
                "num_bins": 10,
                "drift": false
            }
        },
        "Mann-Whitney": {
            "salary": {
                "statistic": 4805840498.0,
                "p_value": 4.045085497591072e-51,
                "alpha": 0.05,
                "drift": true
            },
            "commission": {
                "statistic": 5143592505.5,
                "p_value": 1.4616967419349068e-34,
                "alpha": 0.05,
                "drift": true
            },
            "age": {
                "statistic": 5007105698.5,
                "p_value": 0.581986549948203,
                "alpha": 0.05,
                "drift": false
            },
            "elevel": {
                "statistic": 5003426292.0,
                "p_value": 0.7864897489096485,
                "alpha": 0.05,
                "drift": false
            },
            "car": {
                "statistic": 5018308153.0,
                "p_value": 0.15563206508440203,
                "alpha": 0.05,
                "drift": false
            },
            "zipcode": {
                "statistic": 5010568265.5,
                "p_value": 0.410102586584181,
                "alpha": 0.05,
                "drift": false
            },
            "hvalue": {
                "statistic": 4986353624.0,
                "p_value": 0.05554927422872961,
                "alpha": 0.05,
                "drift": false
            },
            "hyears": {
                "statistic": 4973759647.0,
                "p_value": 0.041982400883238465,
                "alpha": 0.05,
                "drift": true
            },
            "loan": {
                "statistic": 5004391130.5,
                "p_value": 0.7337546193164306,
                "alpha": 0.05,
                "drift": false
            }
        },
        "Cram\u00e9r-von Mises": {
            "salary": {
                "statistic": 48.651794947247254,
                "p_value": 6.866572865860121e-09,
                "alpha": 0.05,
                "drift": true
            },
            "commission": {
                "statistic": 17.4681995302235,
                "p_value": 1.3213685701174427e-09,
                "alpha": 0.05,
                "drift": true
            },
            "age": {
                "statistic": 120.07384854247357,
                "p_value": 4.173328049805747e-08,
                "alpha": 0.05,
                "drift": true
            },
            "elevel": {
                "statistic": 0.03127663509803824,
                "p_value": 0.9717926098149218,
                "alpha": 0.05,
                "drift": false
            },
            "car": {
                "statistic": 0.24814505635004025,
                "p_value": 0.1907657519713033,
                "alpha": 0.05,
                "drift": false
            },
            "zipcode": {
                "statistic": 0.16904120005347067,
                "p_value": 0.33643361273463135,
                "alpha": 0.05,
                "drift": false
            },
            "hvalue": {
                "statistic": 0.17298288132587913,
                "p_value": 0.3265531249524455,
                "alpha": 0.05,
                "drift": false
            },
            "hyears": {
                "statistic": 0.4372524327263818,
                "p_value": 0.05771391637182344,
                "alpha": 0.05,
                "drift": false
            },
            "loan": {
                "statistic": 0.05331343720172299,
                "p_value": 0.8559224198575708,
                "alpha": 0.05,
                "drift": false
            }
        },
        "Hellinger Distance": {
            "salary": {
                "hellinger_distance": 0.05567963524969932,
                "threshold": 0.1,
                "num_bins": 30,
                "drift": false
            },
            "commission": {
                "hellinger_distance": 0.02256390123535403,
                "threshold": 0.1,
                "num_bins": 30,
                "drift": false
            },
            "age": {
                "hellinger_distance": 0.1153754435452359,
                "threshold": 0.1,
                "num_bins": 30,
                "drift": true
            },