{
  "dataset_block1.csv": {
    "block_col": "block",
    "blocks": [
      1,
      2,
      3,
      4,
      5,
      6
    ],
    "counts": {
      "1": 1000,
      "2": 1000,
      "3": 1000,
      "4": 1000,
      "5": 1000,
      "6": 1000
    },
    "n_rows": 6000,
    "mtime": 1763554944.8291714
  },
  "dataset_block2.csv": {
    "block_col": "block",
    "blocks": [
      1,
      2,
      3,
      4,
      5,
      6
    ],
    "counts": {
      "1": 1000,
      "2": 1000,
      "3": 1000,
      "4": 1000,
      "5": 1000,
      "6": 1000
    },
    "n_rows": 6000,
    "mtime": 1763554946.3137658
  }
}