{
    "timestamp": "2025-11-20 12:07:42",
    "task": "classification",
    "approved": true,
    "metrics": {
        "accuracy": 0.9966666666666667,
        "balanced_accuracy": 0.9970717423133235,
        "f1": 0.9966047889451928,
        "classification_report": {
            "0": {
                "precision": 0.9923224568138196,
                "recall": 1.0,
                "f1-score": 0.9961464354527938,
                "support": 517.0
            },
            "1": {
                "precision": 1.0,
                "recall": 0.9941434846266471,
                "f1-score": 0.9970631424375918,
                "support": 683.0
            },
            "accuracy": 0.9966666666666667,
            "macro avg": {
                "precision": 0.9961612284069098,
                "recall": 0.9970717423133235,
                "f1-score": 0.9966047889451928,
                "support": 1200.0
            },
            "weighted avg": {
                "precision": 0.9966922584772874,
                "recall": 0.9966666666666667,
                "f1-score": 0.9966681945116412,
                "support": 1200.0
            }
        }
    },
    "thresholds": {
        "balanced_accuracy": 0.6
    },
    "blocks": {
        "block_col": "block",
        "evaluated_blocks": [
            "1",
            "2",
            "3",
            "4",
            "5",
            "6"
        ],
        "reference_blocks": [],
        "new_blocks_detected": [],
        "missing_reference_blocks": [],
        "per_block_metrics_full": {
            "1": {
                "accuracy": 1.0,
                "balanced_accuracy": 1.0,
                "f1": 1.0
            },
            "2": {
                "accuracy": 1.0,
                "balanced_accuracy": 1.0,
                "f1": 1.0
            },
            "3": {
                "accuracy": 1.0,
                "balanced_accuracy": 1.0,
                "f1": 1.0
            },
            "4": {
                "accuracy": 0.99,
                "balanced_accuracy": 0.9857142857142858,
                "f1": 0.988936829295276
            },
            "5": {
                "accuracy": 1.0,
                "balanced_accuracy": 1.0,
                "f1": 1.0
            },
            "6": {
                "accuracy": 0.99,
                "balanced_accuracy": 0.9875,
                "f1": 0.9895386546709908
            }
        },
        "per_block_approved": {
            "1": true,
            "2": true,
            "3": true,
            "4": true,
            "5": true,
            "6": true
        },
        "approved_blocks_count": 6,
        "rejected_blocks_count": 0,
        "top_worst_blocks": [
            {
                "block": "4",
                "balanced_accuracy": 0.9857142857142858
            },
            {
                "block": "6",
                "balanced_accuracy": 0.9875
            },
            {
                "block": "1",
                "balanced_accuracy": 1.0
            },
            {
                "block": "2",
                "balanced_accuracy": 1.0
            },
            {
                "block": "3",
                "balanced_accuracy": 1.0
            }
        ]
    },
    "predictions": [
        {
            "y_true": 0,
            "y_pred": 0.0,
            "block": "1"
        },
        {
            "y_true": 1,
            "y_pred": 1.0,
            "block": "1"
        },
        {
            "y_true": 1,
            "y_pred": 1.0,
            "block": "1"
        },
        {
            "y_true": 0,
            "y_pred": 0.0,
            "block": "1"
        },
        {
            "y_true": 1,
            "y_pred": 1.0,
            "block": "1"
        },
        {
            "y_true": 1,
            "y_pred": 1.0,
            "block": "1"
        },
        {
            "y_true": 1,
            "y_pred": 1.0,
            "block": "1"
        },
        {
            "y_true": 0,
            "y_pred": 0.0,
            "block": "1"
        },
        {
            "y_true": 0,
            "y_pred": 0.0,
            "block": "1"
        },
        {
            "y_true": 0,
            "y_pred": 0.0,
            "block": "1"
        }
    ],
    "model_info": {
        "type": "RandomForestClassifier",
        "is_router": true
    }
}